[{"pk": "07emz039qfi41146w1p7x2yf9j50kycd", "model": "sessions.session", "fields": {"expire_date": "2014-11-28T18:48:42.991Z", "session_data": "MDdmNmMxYWNiNmNlZThhZTVjNmNmYmZjMWY2NTdmMzVlNjNhYWE4YTp7fQ=="}}, {"pk": "0z7mg49uk2cq1lhmrl4e0dgyht6jatj1", "model": "sessions.session", "fields": {"expire_date": "2014-09-22T13:17:48.232Z", "session_data": "NDY3NzcxZDE3ZDdjNzcyZmE0OWI0YmVjMTM1ZTQ0N2U2NWM0N2FlNjp7Il9hdXRoX3VzZXJfYmFja2VuZCI6ImRqYW5nby5jb250cmliLmF1dGguYmFja2VuZHMuTW9kZWxCYWNrZW5kIiwiX2F1dGhfdXNlcl9pZCI6MX0="}}, {"pk": "13hak6xff3pdll775twia4b3uv32t8l0", "model": "sessions.session", "fields": {"expire_date": "2014-10-17T16:51:42.389Z", "session_data": "NDY3NzcxZDE3ZDdjNzcyZmE0OWI0YmVjMTM1ZTQ0N2U2NWM0N2FlNjp7Il9hdXRoX3VzZXJfYmFja2VuZCI6ImRqYW5nby5jb250cmliLmF1dGguYmFja2VuZHMuTW9kZWxCYWNrZW5kIiwiX2F1dGhfdXNlcl9pZCI6MX0="}}, {"pk": "1a1jygz8qdh9fvvm7qp8zew8wcpo6n5x", "model": "sessions.session", "fields": {"expire_date": "2014-11-26T08:39:24.818Z", "session_data": "NDY3NzcxZDE3ZDdjNzcyZmE0OWI0YmVjMTM1ZTQ0N2U2NWM0N2FlNjp7Il9hdXRoX3VzZXJfYmFja2VuZCI6ImRqYW5nby5jb250cmliLmF1dGguYmFja2VuZHMuTW9kZWxCYWNrZW5kIiwiX2F1dGhfdXNlcl9pZCI6MX0="}}, {"pk": "1iryt34xg9df6k1r9dcragkwq86kqocn", "model": "sessions.session", "fields": {"expire_date": "2014-10-17T16:52:45.041Z", "session_data": "NDY3NzcxZDE3ZDdjNzcyZmE0OWI0YmVjMTM1ZTQ0N2U2NWM0N2FlNjp7Il9hdXRoX3VzZXJfYmFja2VuZCI6ImRqYW5nby5jb250cmliLmF1dGguYmFja2VuZHMuTW9kZWxCYWNrZW5kIiwiX2F1dGhfdXNlcl9pZCI6MX0="}}, {"pk": "1nrqaidjeqw8i7tb6lyeqt2rhfp4koy1", "model": "sessions.session", "fields": {"expire_date": "2014-10-18T04:05:50.140Z", "session_data": "NDY3NzcxZDE3ZDdjNzcyZmE0OWI0YmVjMTM1ZTQ0N2U2NWM0N2FlNjp7Il9hdXRoX3VzZXJfYmFja2VuZCI6ImRqYW5nby5jb250cmliLmF1dGguYmFja2VuZHMuTW9kZWxCYWNrZW5kIiwiX2F1dGhfdXNlcl9pZCI6MX0="}}, {"pk": "31h9fxyx6o1zl2vesnip11sp1cfvea50", "model": "sessions.session", "fields": {"expire_date": "2014-11-28T18:06:07.849Z", "session_data": "MDdmNmMxYWNiNmNlZThhZTVjNmNmYmZjMWY2NTdmMzVlNjNhYWE4YTp7fQ=="}}, {"pk": "34bh3sn1bam0cuats8s9jmhqt3xr5a9k", "model": "sessions.session", "fields": {"expire_date": "2014-10-11T15:05:10.951Z", "session_data": "NDY3NzcxZDE3ZDdjNzcyZmE0OWI0YmVjMTM1ZTQ0N2U2NWM0N2FlNjp7Il9hdXRoX3VzZXJfYmFja2VuZCI6ImRqYW5nby5jb250cmliLmF1dGguYmFja2VuZHMuTW9kZWxCYWNrZW5kIiwiX2F1dGhfdXNlcl9pZCI6MX0="}}, {"pk": "37fduld5iebxyso0v1wsw5qwqtj3f9gb", "model": "sessions.session", "fields": {"expire_date": "2014-11-28T17:57:51.904Z", "session_data": "MDdmNmMxYWNiNmNlZThhZTVjNmNmYmZjMWY2NTdmMzVlNjNhYWE4YTp7fQ=="}}, {"pk": "3hnpgh0w5n5s9jbs9pgpvmlp581d1nrh", "model": "sessions.session", "fields": {"expire_date": "2014-11-19T10:00:22.224Z", "session_data": "NDY3NzcxZDE3ZDdjNzcyZmE0OWI0YmVjMTM1ZTQ0N2U2NWM0N2FlNjp7Il9hdXRoX3VzZXJfYmFja2VuZCI6ImRqYW5nby5jb250cmliLmF1dGguYmFja2VuZHMuTW9kZWxCYWNrZW5kIiwiX2F1dGhfdXNlcl9pZCI6MX0="}}, {"pk": "3k4d4w3sqw1yicnp5vww6n60es4oiq1g", "model": "sessions.session", "fields": {"expire_date": "2014-10-17T16:52:38.504Z", "session_data": "NDY3NzcxZDE3ZDdjNzcyZmE0OWI0YmVjMTM1ZTQ0N2U2NWM0N2FlNjp7Il9hdXRoX3VzZXJfYmFja2VuZCI6ImRqYW5nby5jb250cmliLmF1dGguYmFja2VuZHMuTW9kZWxCYWNrZW5kIiwiX2F1dGhfdXNlcl9pZCI6MX0="}}, {"pk": "448wbpsdweb1au0ssmqgfxt32ny9lea2", "model": "sessions.session", "fields": {"expire_date": "2014-11-26T08:39:04.566Z", "session_data": "MDdmNmMxYWNiNmNlZThhZTVjNmNmYmZjMWY2NTdmMzVlNjNhYWE4YTp7fQ=="}}, {"pk": "4rbrpoc4siy19931gcfc31c7zwlsavam", "model": "sessions.session", "fields": {"expire_date": "2014-11-28T17:33:58.708Z", "session_data": "MDdmNmMxYWNiNmNlZThhZTVjNmNmYmZjMWY2NTdmMzVlNjNhYWE4YTp7fQ=="}}, {"pk": "4tkaf9mw4gm5e92su3ehz94me0nvf2j4", "model": "sessions.session", "fields": {"expire_date": "2014-10-17T17:44:03.274Z", "session_data": "NDY3NzcxZDE3ZDdjNzcyZmE0OWI0YmVjMTM1ZTQ0N2U2NWM0N2FlNjp7Il9hdXRoX3VzZXJfYmFja2VuZCI6ImRqYW5nby5jb250cmliLmF1dGguYmFja2VuZHMuTW9kZWxCYWNrZW5kIiwiX2F1dGhfdXNlcl9pZCI6MX0="}}, {"pk": "5e4t6pdwqrjz2cgvo7jjke5silggxdnh", "model": "sessions.session", "fields": {"expire_date": "2014-11-28T17:46:25.476Z", "session_data": "MDdmNmMxYWNiNmNlZThhZTVjNmNmYmZjMWY2NTdmMzVlNjNhYWE4YTp7fQ=="}}, {"pk": "5p0n8pe1olf6cqa197bg6c9qzxboafgw", "model": "sessions.session", "fields": {"expire_date": "2014-10-17T17:01:59.284Z", "session_data": "NDY3NzcxZDE3ZDdjNzcyZmE0OWI0YmVjMTM1ZTQ0N2U2NWM0N2FlNjp7Il9hdXRoX3VzZXJfYmFja2VuZCI6ImRqYW5nby5jb250cmliLmF1dGguYmFja2VuZHMuTW9kZWxCYWNrZW5kIiwiX2F1dGhfdXNlcl9pZCI6MX0="}}, {"pk": "5x2bdgyporbzkv3tn60of6p6fe1wb9up", "model": "sessions.session", "fields": {"expire_date": "2014-10-11T15:05:17.744Z", "session_data": "NDY3NzcxZDE3ZDdjNzcyZmE0OWI0YmVjMTM1ZTQ0N2U2NWM0N2FlNjp7Il9hdXRoX3VzZXJfYmFja2VuZCI6ImRqYW5nby5jb250cmliLmF1dGguYmFja2VuZHMuTW9kZWxCYWNrZW5kIiwiX2F1dGhfdXNlcl9pZCI6MX0="}}, {"pk": "6a8drbtaeg2idoh3d7pkj2qni0fkrji0", "model": "sessions.session", "fields": {"expire_date": "2014-11-26T08:39:06.607Z", "session_data": "MDdmNmMxYWNiNmNlZThhZTVjNmNmYmZjMWY2NTdmMzVlNjNhYWE4YTp7fQ=="}}, {"pk": "6h51944zd3ue6j8bd1ikldr17chxv9cb", "model": "sessions.session", "fields": {"expire_date": "2014-10-17T16:52:40.945Z", "session_data": "NDY3NzcxZDE3ZDdjNzcyZmE0OWI0YmVjMTM1ZTQ0N2U2NWM0N2FlNjp7Il9hdXRoX3VzZXJfYmFja2VuZCI6ImRqYW5nby5jb250cmliLmF1dGguYmFja2VuZHMuTW9kZWxCYWNrZW5kIiwiX2F1dGhfdXNlcl9pZCI6MX0="}}, {"pk": "71j1c40wde7van1ic6fpauc8gt7y8ajl", "model": "sessions.session", "fields": {"expire_date": "2014-11-26T08:39:04.976Z", "session_data": "MDdmNmMxYWNiNmNlZThhZTVjNmNmYmZjMWY2NTdmMzVlNjNhYWE4YTp7fQ=="}}, {"pk": "75nj8ee73cp828odvf1j9o7rv6b19dbx", "model": "sessions.session", "fields": {"expire_date": "2014-11-18T09:28:51.643Z", "session_data": "NDY3NzcxZDE3ZDdjNzcyZmE0OWI0YmVjMTM1ZTQ0N2U2NWM0N2FlNjp7Il9hdXRoX3VzZXJfYmFja2VuZCI6ImRqYW5nby5jb250cmliLmF1dGguYmFja2VuZHMuTW9kZWxCYWNrZW5kIiwiX2F1dGhfdXNlcl9pZCI6MX0="}}, {"pk": "7fpzdqfpwhtuj7gni7m58r9anw10glpt", "model": "sessions.session", "fields": {"expire_date": "2014-11-28T16:24:19.572Z", "session_data": "MDdmNmMxYWNiNmNlZThhZTVjNmNmYmZjMWY2NTdmMzVlNjNhYWE4YTp7fQ=="}}, {"pk": "7gbqbn3098olq9iinzpccsuorwzk8lyy", "model": "sessions.session", "fields": {"expire_date": "2014-11-28T16:23:45.731Z", "session_data": "MDdmNmMxYWNiNmNlZThhZTVjNmNmYmZjMWY2NTdmMzVlNjNhYWE4YTp7fQ=="}}, {"pk": "7iwhqo0fkzsoptf3v8cssyo2szqyke11", "model": "sessions.session", "fields": {"expire_date": "2014-12-02T18:11:42.763Z", "session_data": "MDdmNmMxYWNiNmNlZThhZTVjNmNmYmZjMWY2NTdmMzVlNjNhYWE4YTp7fQ=="}}, {"pk": "8agkcbjzu5pdp1lzdbiysip0fw4a4kzg", "model": "sessions.session", "fields": {"expire_date": "2014-11-28T17:39:48.529Z", "session_data": "MDdmNmMxYWNiNmNlZThhZTVjNmNmYmZjMWY2NTdmMzVlNjNhYWE4YTp7fQ=="}}, {"pk": "8kf8y4r886xyk2b2pxlo3a39dht276dr", "model": "sessions.session", "fields": {"expire_date": "2014-12-02T18:11:43.467Z", "session_data": "MDdmNmMxYWNiNmNlZThhZTVjNmNmYmZjMWY2NTdmMzVlNjNhYWE4YTp7fQ=="}}, {"pk": "8xh50iv65bwjgr8n6sbi7t88qvzmv0mz", "model": "sessions.session", "fields": {"expire_date": "2014-10-17T16:52:42.811Z", "session_data": "NDY3NzcxZDE3ZDdjNzcyZmE0OWI0YmVjMTM1ZTQ0N2U2NWM0N2FlNjp7Il9hdXRoX3VzZXJfYmFja2VuZCI6ImRqYW5nby5jb250cmliLmF1dGguYmFja2VuZHMuTW9kZWxCYWNrZW5kIiwiX2F1dGhfdXNlcl9pZCI6MX0="}}, {"pk": "9vqw33r0xkeo5n6t6vdqrof0rx6sqzod", "model": "sessions.session", "fields": {"expire_date": "2014-11-28T17:59:06.432Z", "session_data": "MDdmNmMxYWNiNmNlZThhZTVjNmNmYmZjMWY2NTdmMzVlNjNhYWE4YTp7fQ=="}}, {"pk": "a074ow7mqtribmlimg3sorjocx3m1cva", "model": "sessions.session", "fields": {"expire_date": "2014-11-28T10:20:18.316Z", "session_data": "NDY3NzcxZDE3ZDdjNzcyZmE0OWI0YmVjMTM1ZTQ0N2U2NWM0N2FlNjp7Il9hdXRoX3VzZXJfYmFja2VuZCI6ImRqYW5nby5jb250cmliLmF1dGguYmFja2VuZHMuTW9kZWxCYWNrZW5kIiwiX2F1dGhfdXNlcl9pZCI6MX0="}}, {"pk": "a8mt9kvyh6c8awhyiq3b7dz4k34qjl7t", "model": "sessions.session", "fields": {"expire_date": "2014-10-11T15:09:29.751Z", "session_data": "NDY3NzcxZDE3ZDdjNzcyZmE0OWI0YmVjMTM1ZTQ0N2U2NWM0N2FlNjp7Il9hdXRoX3VzZXJfYmFja2VuZCI6ImRqYW5nby5jb250cmliLmF1dGguYmFja2VuZHMuTW9kZWxCYWNrZW5kIiwiX2F1dGhfdXNlcl9pZCI6MX0="}}, {"pk": "ajch56qocu3xa7hrcystjs9fs31t3xct", "model": "sessions.session", "fields": {"expire_date": "2014-10-17T16:51:51.852Z", "session_data": "NDY3NzcxZDE3ZDdjNzcyZmE0OWI0YmVjMTM1ZTQ0N2U2NWM0N2FlNjp7Il9hdXRoX3VzZXJfYmFja2VuZCI6ImRqYW5nby5jb250cmliLmF1dGguYmFja2VuZHMuTW9kZWxCYWNrZW5kIiwiX2F1dGhfdXNlcl9pZCI6MX0="}}, {"pk": "apywnkxxzzilfprw0pugbkk0cx2qqctj", "model": "sessions.session", "fields": {"expire_date": "2014-10-17T18:32:18.146Z", "session_data": "NDY3NzcxZDE3ZDdjNzcyZmE0OWI0YmVjMTM1ZTQ0N2U2NWM0N2FlNjp7Il9hdXRoX3VzZXJfYmFja2VuZCI6ImRqYW5nby5jb250cmliLmF1dGguYmFja2VuZHMuTW9kZWxCYWNrZW5kIiwiX2F1dGhfdXNlcl9pZCI6MX0="}}, {"pk": "b76itpv09jk3fp3luejtcupbxilorp0a", "model": "sessions.session", "fields": {"expire_date": "2014-10-11T15:08:31.215Z", "session_data": "NDY3NzcxZDE3ZDdjNzcyZmE0OWI0YmVjMTM1ZTQ0N2U2NWM0N2FlNjp7Il9hdXRoX3VzZXJfYmFja2VuZCI6ImRqYW5nby5jb250cmliLmF1dGguYmFja2VuZHMuTW9kZWxCYWNrZW5kIiwiX2F1dGhfdXNlcl9pZCI6MX0="}}, {"pk": "b7yt4sqdryhrgtugbxmq10m541tv74kx", "model": "sessions.session", "fields": {"expire_date": "2014-11-28T18:05:19.187Z", "session_data": "MDdmNmMxYWNiNmNlZThhZTVjNmNmYmZjMWY2NTdmMzVlNjNhYWE4YTp7fQ=="}}, {"pk": "b8tfewe4mojf1qqw0zteczdk6xgb5cta", "model": "sessions.session", "fields": {"expire_date": "2014-10-11T15:09:34.739Z", "session_data": "NDY3NzcxZDE3ZDdjNzcyZmE0OWI0YmVjMTM1ZTQ0N2U2NWM0N2FlNjp7Il9hdXRoX3VzZXJfYmFja2VuZCI6ImRqYW5nby5jb250cmliLmF1dGguYmFja2VuZHMuTW9kZWxCYWNrZW5kIiwiX2F1dGhfdXNlcl9pZCI6MX0="}}, {"pk": "bb7ducgs61dyeitf2s8ewkxye3i04isz", "model": "sessions.session", "fields": {"expire_date": "2014-10-11T15:10:35.556Z", "session_data": "NDY3NzcxZDE3ZDdjNzcyZmE0OWI0YmVjMTM1ZTQ0N2U2NWM0N2FlNjp7Il9hdXRoX3VzZXJfYmFja2VuZCI6ImRqYW5nby5jb250cmliLmF1dGguYmFja2VuZHMuTW9kZWxCYWNrZW5kIiwiX2F1dGhfdXNlcl9pZCI6MX0="}}, {"pk": "bbb4qpx2zqgennbcu2vumad6vuktln6z", "model": "sessions.session", "fields": {"expire_date": "2014-10-17T17:01:47.526Z", "session_data": "NDY3NzcxZDE3ZDdjNzcyZmE0OWI0YmVjMTM1ZTQ0N2U2NWM0N2FlNjp7Il9hdXRoX3VzZXJfYmFja2VuZCI6ImRqYW5nby5jb250cmliLmF1dGguYmFja2VuZHMuTW9kZWxCYWNrZW5kIiwiX2F1dGhfdXNlcl9pZCI6MX0="}}, {"pk": "bdz264hfy41fdok3lx7oazjf81miap2n", "model": "sessions.session", "fields": {"expire_date": "2014-11-30T06:37:34.662Z", "session_data": "MDdmNmMxYWNiNmNlZThhZTVjNmNmYmZjMWY2NTdmMzVlNjNhYWE4YTp7fQ=="}}, {"pk": "c8pg2ksufviazbkkhyrees436s9pfsbq", "model": "sessions.session", "fields": {"expire_date": "2014-11-30T06:37:34.257Z", "session_data": "MDdmNmMxYWNiNmNlZThhZTVjNmNmYmZjMWY2NTdmMzVlNjNhYWE4YTp7fQ=="}}, {"pk": "cmd4676tp3rhxs481q423h72lzadkqm2", "model": "sessions.session", "fields": {"expire_date": "2014-10-17T18:25:47.623Z", "session_data": "NDY3NzcxZDE3ZDdjNzcyZmE0OWI0YmVjMTM1ZTQ0N2U2NWM0N2FlNjp7Il9hdXRoX3VzZXJfYmFja2VuZCI6ImRqYW5nby5jb250cmliLmF1dGguYmFja2VuZHMuTW9kZWxCYWNrZW5kIiwiX2F1dGhfdXNlcl9pZCI6MX0="}}, {"pk": "cp1k9w8e5lfy4bx3p7pw4wx8w15ftrk0", "model": "sessions.session", "fields": {"expire_date": "2014-11-28T17:59:58.567Z", "session_data": "MDdmNmMxYWNiNmNlZThhZTVjNmNmYmZjMWY2NTdmMzVlNjNhYWE4YTp7fQ=="}}, {"pk": "cuejigpcy063cegp575uopny0io8lrt8", "model": "sessions.session", "fields": {"expire_date": "2014-10-17T16:51:45.552Z", "session_data": "NDY3NzcxZDE3ZDdjNzcyZmE0OWI0YmVjMTM1ZTQ0N2U2NWM0N2FlNjp7Il9hdXRoX3VzZXJfYmFja2VuZCI6ImRqYW5nby5jb250cmliLmF1dGguYmFja2VuZHMuTW9kZWxCYWNrZW5kIiwiX2F1dGhfdXNlcl9pZCI6MX0="}}, {"pk": "dvecnfi6ov1wle7xa1vobgyer55mdozo", "model": "sessions.session", "fields": {"expire_date": "2014-11-28T18:48:54.477Z", "session_data": "MDdmNmMxYWNiNmNlZThhZTVjNmNmYmZjMWY2NTdmMzVlNjNhYWE4YTp7fQ=="}}, {"pk": "e11xv3wbqrq81ewd81vzfbucjfn8dv88", "model": "sessions.session", "fields": {"expire_date": "2014-10-17T16:50:33.728Z", "session_data": "NDY3NzcxZDE3ZDdjNzcyZmE0OWI0YmVjMTM1ZTQ0N2U2NWM0N2FlNjp7Il9hdXRoX3VzZXJfYmFja2VuZCI6ImRqYW5nby5jb250cmliLmF1dGguYmFja2VuZHMuTW9kZWxCYWNrZW5kIiwiX2F1dGhfdXNlcl9pZCI6MX0="}}, {"pk": "ewgn210z20whmxcarqkn7ffat7rnxh96", "model": "sessions.session", "fields": {"expire_date": "2014-11-28T16:33:24.689Z", "session_data": "MDdmNmMxYWNiNmNlZThhZTVjNmNmYmZjMWY2NTdmMzVlNjNhYWE4YTp7fQ=="}}, {"pk": "ewhd0o476dh12hq9dcvqgq2v73ddcy2m", "model": "sessions.session", "fields": {"expire_date": "2014-10-11T15:08:20.163Z", "session_data": "NDY3NzcxZDE3ZDdjNzcyZmE0OWI0YmVjMTM1ZTQ0N2U2NWM0N2FlNjp7Il9hdXRoX3VzZXJfYmFja2VuZCI6ImRqYW5nby5jb250cmliLmF1dGguYmFja2VuZHMuTW9kZWxCYWNrZW5kIiwiX2F1dGhfdXNlcl9pZCI6MX0="}}, {"pk": "f6cmys1lyp5endzydfi569scfv61ndoe", "model": "sessions.session", "fields": {"expire_date": "2014-10-17T16:51:58.962Z", "session_data": "NDY3NzcxZDE3ZDdjNzcyZmE0OWI0YmVjMTM1ZTQ0N2U2NWM0N2FlNjp7Il9hdXRoX3VzZXJfYmFja2VuZCI6ImRqYW5nby5jb250cmliLmF1dGguYmFja2VuZHMuTW9kZWxCYWNrZW5kIiwiX2F1dGhfdXNlcl9pZCI6MX0="}}, {"pk": "ft7eala2yx79vgrz7sqlneo7pwve56la", "model": "sessions.session", "fields": {"expire_date": "2014-10-17T16:50:10.962Z", "session_data": "NDY3NzcxZDE3ZDdjNzcyZmE0OWI0YmVjMTM1ZTQ0N2U2NWM0N2FlNjp7Il9hdXRoX3VzZXJfYmFja2VuZCI6ImRqYW5nby5jb250cmliLmF1dGguYmFja2VuZHMuTW9kZWxCYWNrZW5kIiwiX2F1dGhfdXNlcl9pZCI6MX0="}}, {"pk": "fz67fshowbnzevtpu55duy25f0nv1472", "model": "sessions.session", "fields": {"expire_date": "2014-11-28T17:41:41.808Z", "session_data": "MDdmNmMxYWNiNmNlZThhZTVjNmNmYmZjMWY2NTdmMzVlNjNhYWE4YTp7fQ=="}}, {"pk": "g1cj4q34pro77e2dv9k91p4wbn0htvdw", "model": "sessions.session", "fields": {"expire_date": "2014-11-28T17:39:35.743Z", "session_data": "MDdmNmMxYWNiNmNlZThhZTVjNmNmYmZjMWY2NTdmMzVlNjNhYWE4YTp7fQ=="}}, {"pk": "gcm2e5wo4l94c1nikgdphvmhzfnkdn2y", "model": "sessions.session", "fields": {"expire_date": "2014-10-17T17:01:49.335Z", "session_data": "NDY3NzcxZDE3ZDdjNzcyZmE0OWI0YmVjMTM1ZTQ0N2U2NWM0N2FlNjp7Il9hdXRoX3VzZXJfYmFja2VuZCI6ImRqYW5nby5jb250cmliLmF1dGguYmFja2VuZHMuTW9kZWxCYWNrZW5kIiwiX2F1dGhfdXNlcl9pZCI6MX0="}}, {"pk": "gvwkl3ytzb8325hr121aj8x8ulevksc5", "model": "sessions.session", "fields": {"expire_date": "2014-10-17T16:49:57.268Z", "session_data": "NDY3NzcxZDE3ZDdjNzcyZmE0OWI0YmVjMTM1ZTQ0N2U2NWM0N2FlNjp7Il9hdXRoX3VzZXJfYmFja2VuZCI6ImRqYW5nby5jb250cmliLmF1dGguYmFja2VuZHMuTW9kZWxCYWNrZW5kIiwiX2F1dGhfdXNlcl9pZCI6MX0="}}, {"pk": "h5zembtv407vn9nyoyfkwi8vi3zi9wcy", "model": "sessions.session", "fields": {"expire_date": "2014-11-28T17:57:03.123Z", "session_data": "MDdmNmMxYWNiNmNlZThhZTVjNmNmYmZjMWY2NTdmMzVlNjNhYWE4YTp7fQ=="}}, {"pk": "h86kt0503883g0mhrdtnak4zh72616ti", "model": "sessions.session", "fields": {"expire_date": "2014-10-17T17:01:45.021Z", "session_data": "NDY3NzcxZDE3ZDdjNzcyZmE0OWI0YmVjMTM1ZTQ0N2U2NWM0N2FlNjp7Il9hdXRoX3VzZXJfYmFja2VuZCI6ImRqYW5nby5jb250cmliLmF1dGguYmFja2VuZHMuTW9kZWxCYWNrZW5kIiwiX2F1dGhfdXNlcl9pZCI6MX0="}}, {"pk": "hcxskwbc50vfb61wnr4vb1l2a88aj28l", "model": "sessions.session", "fields": {"expire_date": "2014-11-28T16:27:00.183Z", "session_data": "MDdmNmMxYWNiNmNlZThhZTVjNmNmYmZjMWY2NTdmMzVlNjNhYWE4YTp7fQ=="}}, {"pk": "hntyi4a86tcffrv8iit480zbt14wkvfs", "model": "sessions.session", "fields": {"expire_date": "2014-10-11T15:04:40.876Z", "session_data": "NDY3NzcxZDE3ZDdjNzcyZmE0OWI0YmVjMTM1ZTQ0N2U2NWM0N2FlNjp7Il9hdXRoX3VzZXJfYmFja2VuZCI6ImRqYW5nby5jb250cmliLmF1dGguYmFja2VuZHMuTW9kZWxCYWNrZW5kIiwiX2F1dGhfdXNlcl9pZCI6MX0="}}, {"pk": "hxlk1d9y7r5zcf2viap5pu63ujnsgq5b", "model": "sessions.session", "fields": {"expire_date": "2014-10-17T16:52:02.998Z", "session_data": "NDY3NzcxZDE3ZDdjNzcyZmE0OWI0YmVjMTM1ZTQ0N2U2NWM0N2FlNjp7Il9hdXRoX3VzZXJfYmFja2VuZCI6ImRqYW5nby5jb250cmliLmF1dGguYmFja2VuZHMuTW9kZWxCYWNrZW5kIiwiX2F1dGhfdXNlcl9pZCI6MX0="}}, {"pk": "iaac7swq6vi5i6yqqninwjh084u3t08k", "model": "sessions.session", "fields": {"expire_date": "2014-10-18T04:05:43.941Z", "session_data": "NDY3NzcxZDE3ZDdjNzcyZmE0OWI0YmVjMTM1ZTQ0N2U2NWM0N2FlNjp7Il9hdXRoX3VzZXJfYmFja2VuZCI6ImRqYW5nby5jb250cmliLmF1dGguYmFja2VuZHMuTW9kZWxCYWNrZW5kIiwiX2F1dGhfdXNlcl9pZCI6MX0="}}, {"pk": "ihb7u1roqxj7ks1xjjk1i3oapg785ybq", "model": "sessions.session", "fields": {"expire_date": "2014-10-17T17:25:35.304Z", "session_data": "NDY3NzcxZDE3ZDdjNzcyZmE0OWI0YmVjMTM1ZTQ0N2U2NWM0N2FlNjp7Il9hdXRoX3VzZXJfYmFja2VuZCI6ImRqYW5nby5jb250cmliLmF1dGguYmFja2VuZHMuTW9kZWxCYWNrZW5kIiwiX2F1dGhfdXNlcl9pZCI6MX0="}}, {"pk": "iiwydybsuozow9bknu0vuin75hvtic1c", "model": "sessions.session", "fields": {"expire_date": "2014-10-17T17:45:06.253Z", "session_data": "NDY3NzcxZDE3ZDdjNzcyZmE0OWI0YmVjMTM1ZTQ0N2U2NWM0N2FlNjp7Il9hdXRoX3VzZXJfYmFja2VuZCI6ImRqYW5nby5jb250cmliLmF1dGguYmFja2VuZHMuTW9kZWxCYWNrZW5kIiwiX2F1dGhfdXNlcl9pZCI6MX0="}}, {"pk": "jh8nd7lwhqy5pmndztrwmv8hn50qnfiz", "model": "sessions.session", "fields": {"expire_date": "2014-10-17T16:51:48.801Z", "session_data": "NDY3NzcxZDE3ZDdjNzcyZmE0OWI0YmVjMTM1ZTQ0N2U2NWM0N2FlNjp7Il9hdXRoX3VzZXJfYmFja2VuZCI6ImRqYW5nby5jb250cmliLmF1dGguYmFja2VuZHMuTW9kZWxCYWNrZW5kIiwiX2F1dGhfdXNlcl9pZCI6MX0="}}, {"pk": "jmkha1e2nn0933exxbsety4if738lj45", "model": "sessions.session", "fields": {"expire_date": "2014-11-28T18:48:14.385Z", "session_data": "MDdmNmMxYWNiNmNlZThhZTVjNmNmYmZjMWY2NTdmMzVlNjNhYWE4YTp7fQ=="}}, {"pk": "js3i6wx6109fhay2q34zfxn2jar3bj7g", "model": "sessions.session", "fields": {"expire_date": "2014-11-28T16:24:02.332Z", "session_data": "MDdmNmMxYWNiNmNlZThhZTVjNmNmYmZjMWY2NTdmMzVlNjNhYWE4YTp7fQ=="}}, {"pk": "k99daph1wamtr34jlwpotmjalyltpwtv", "model": "sessions.session", "fields": {"expire_date": "2014-11-30T06:37:36.538Z", "session_data": "MDdmNmMxYWNiNmNlZThhZTVjNmNmYmZjMWY2NTdmMzVlNjNhYWE4YTp7fQ=="}}, {"pk": "km8cypgbgflww9as7bhegngdbdxnnysy", "model": "sessions.session", "fields": {"expire_date": "2014-10-11T15:08:26.524Z", "session_data": "NDY3NzcxZDE3ZDdjNzcyZmE0OWI0YmVjMTM1ZTQ0N2U2NWM0N2FlNjp7Il9hdXRoX3VzZXJfYmFja2VuZCI6ImRqYW5nby5jb250cmliLmF1dGguYmFja2VuZHMuTW9kZWxCYWNrZW5kIiwiX2F1dGhfdXNlcl9pZCI6MX0="}}, {"pk": "kt8vu3cloxcax125c9era3qsutcgzief", "model": "sessions.session", "fields": {"expire_date": "2014-11-28T18:46:15.178Z", "session_data": "MDdmNmMxYWNiNmNlZThhZTVjNmNmYmZjMWY2NTdmMzVlNjNhYWE4YTp7fQ=="}}, {"pk": "lcmx74vvnylxs927ir1sn8dae1n6jqh4", "model": "sessions.session", "fields": {"expire_date": "2014-10-11T15:08:34.817Z", "session_data": "NDY3NzcxZDE3ZDdjNzcyZmE0OWI0YmVjMTM1ZTQ0N2U2NWM0N2FlNjp7Il9hdXRoX3VzZXJfYmFja2VuZCI6ImRqYW5nby5jb250cmliLmF1dGguYmFja2VuZHMuTW9kZWxCYWNrZW5kIiwiX2F1dGhfdXNlcl9pZCI6MX0="}}, {"pk": "lrfvrjv1dlafwh3uy0g7lsbi4pws5ajm", "model": "sessions.session", "fields": {"expire_date": "2014-10-11T15:11:49.307Z", "session_data": "NDY3NzcxZDE3ZDdjNzcyZmE0OWI0YmVjMTM1ZTQ0N2U2NWM0N2FlNjp7Il9hdXRoX3VzZXJfYmFja2VuZCI6ImRqYW5nby5jb250cmliLmF1dGguYmFja2VuZHMuTW9kZWxCYWNrZW5kIiwiX2F1dGhfdXNlcl9pZCI6MX0="}}, {"pk": "mhqib5rnk31n90k8nemoeihhddzwi19x", "model": "sessions.session", "fields": {"expire_date": "2014-10-17T16:51:56.698Z", "session_data": "NDY3NzcxZDE3ZDdjNzcyZmE0OWI0YmVjMTM1ZTQ0N2U2NWM0N2FlNjp7Il9hdXRoX3VzZXJfYmFja2VuZCI6ImRqYW5nby5jb250cmliLmF1dGguYmFja2VuZHMuTW9kZWxCYWNrZW5kIiwiX2F1dGhfdXNlcl9pZCI6MX0="}}, {"pk": "muxc9uj8s9cjp05ji2fhgvsafs5hwum2", "model": "sessions.session", "fields": {"expire_date": "2014-11-02T06:46:14.016Z", "session_data": "NTdhNjI4YWJjMWRjNzI2ODAyMDc5MTNiYTRmZGJhOTg2NTg3ZGY1Yjp7Il9hdXRoX3VzZXJfYmFja2VuZCI6ImRqYW5nby5jb250cmliLmF1dGguYmFja2VuZHMuTW9kZWxCYWNrZW5kIiwiX2F1dGhfdXNlcl9pZCI6Mn0="}}, {"pk": "mzkp9nk9ltddso6jxmesyb5nnjmcfanp", "model": "sessions.session", "fields": {"expire_date": "2014-10-17T16:51:39.151Z", "session_data": "NDY3NzcxZDE3ZDdjNzcyZmE0OWI0YmVjMTM1ZTQ0N2U2NWM0N2FlNjp7Il9hdXRoX3VzZXJfYmFja2VuZCI6ImRqYW5nby5jb250cmliLmF1dGguYmFja2VuZHMuTW9kZWxCYWNrZW5kIiwiX2F1dGhfdXNlcl9pZCI6MX0="}}, {"pk": "n43kmbhzvu95eg1fk3yt73ykmnyuq92m", "model": "sessions.session", "fields": {"expire_date": "2014-11-28T18:00:43.440Z", "session_data": "MDdmNmMxYWNiNmNlZThhZTVjNmNmYmZjMWY2NTdmMzVlNjNhYWE4YTp7fQ=="}}, {"pk": "nithlq5xt4x19sg6k0l377fmunqo71fe", "model": "sessions.session", "fields": {"expire_date": "2014-11-28T18:50:30.729Z", "session_data": "MDdmNmMxYWNiNmNlZThhZTVjNmNmYmZjMWY2NTdmMzVlNjNhYWE4YTp7fQ=="}}, {"pk": "njeyv2q1k9px3ks4kmrzhxe2ascqzym2", "model": "sessions.session", "fields": {"expire_date": "2014-10-17T18:31:32.962Z", "session_data": "NDY3NzcxZDE3ZDdjNzcyZmE0OWI0YmVjMTM1ZTQ0N2U2NWM0N2FlNjp7Il9hdXRoX3VzZXJfYmFja2VuZCI6ImRqYW5nby5jb250cmliLmF1dGguYmFja2VuZHMuTW9kZWxCYWNrZW5kIiwiX2F1dGhfdXNlcl9pZCI6MX0="}}, {"pk": "o2fo56ky77ly6l45tdpzue5ugt5idirq", "model": "sessions.session", "fields": {"expire_date": "2014-11-30T06:37:45.883Z", "session_data": "NDY3NzcxZDE3ZDdjNzcyZmE0OWI0YmVjMTM1ZTQ0N2U2NWM0N2FlNjp7Il9hdXRoX3VzZXJfYmFja2VuZCI6ImRqYW5nby5jb250cmliLmF1dGguYmFja2VuZHMuTW9kZWxCYWNrZW5kIiwiX2F1dGhfdXNlcl9pZCI6MX0="}}, {"pk": "o2ob0kj2sl2qvtfe5o880k4brxuaa5no", "model": "sessions.session", "fields": {"expire_date": "2014-11-28T17:58:07.699Z", "session_data": "MDdmNmMxYWNiNmNlZThhZTVjNmNmYmZjMWY2NTdmMzVlNjNhYWE4YTp7fQ=="}}, {"pk": "oqleqphjkrquxgb6t0c09eqgw1qwzokr", "model": "sessions.session", "fields": {"expire_date": "2014-10-17T16:50:27.092Z", "session_data": "NDY3NzcxZDE3ZDdjNzcyZmE0OWI0YmVjMTM1ZTQ0N2U2NWM0N2FlNjp7Il9hdXRoX3VzZXJfYmFja2VuZCI6ImRqYW5nby5jb250cmliLmF1dGguYmFja2VuZHMuTW9kZWxCYWNrZW5kIiwiX2F1dGhfdXNlcl9pZCI6MX0="}}, {"pk": "p8k9pvx4dsljzz867p630v47s4d2mo6z", "model": "sessions.session", "fields": {"expire_date": "2014-11-28T17:58:07.280Z", "session_data": "MDdmNmMxYWNiNmNlZThhZTVjNmNmYmZjMWY2NTdmMzVlNjNhYWE4YTp7fQ=="}}, {"pk": "plmuqkh90i306t6zmdrd8z18zqz1bvzz", "model": "sessions.session", "fields": {"expire_date": "2014-11-28T16:27:27.294Z", "session_data": "MDdmNmMxYWNiNmNlZThhZTVjNmNmYmZjMWY2NTdmMzVlNjNhYWE4YTp7fQ=="}}, {"pk": "qjk155cj5lldplvqh3ksivjxwygkl3l1", "model": "sessions.session", "fields": {"expire_date": "2014-11-28T17:58:33.161Z", "session_data": "MDdmNmMxYWNiNmNlZThhZTVjNmNmYmZjMWY2NTdmMzVlNjNhYWE4YTp7fQ=="}}, {"pk": "qll0ulkjssrl2k09ohoyiymltwgpnbzr", "model": "sessions.session", "fields": {"expire_date": "2014-10-17T18:24:57.049Z", "session_data": "NDY3NzcxZDE3ZDdjNzcyZmE0OWI0YmVjMTM1ZTQ0N2U2NWM0N2FlNjp7Il9hdXRoX3VzZXJfYmFja2VuZCI6ImRqYW5nby5jb250cmliLmF1dGguYmFja2VuZHMuTW9kZWxCYWNrZW5kIiwiX2F1dGhfdXNlcl9pZCI6MX0="}}, {"pk": "qm3oiy41cnsdt9cw1baqmkmv6wljhgyp", "model": "sessions.session", "fields": {"expire_date": "2014-11-28T18:03:18.845Z", "session_data": "MDdmNmMxYWNiNmNlZThhZTVjNmNmYmZjMWY2NTdmMzVlNjNhYWE4YTp7fQ=="}}, {"pk": "qo6z27txklt74dvv3pd0j2anmw6843x6", "model": "sessions.session", "fields": {"expire_date": "2014-10-17T16:52:10.357Z", "session_data": "NDY3NzcxZDE3ZDdjNzcyZmE0OWI0YmVjMTM1ZTQ0N2U2NWM0N2FlNjp7Il9hdXRoX3VzZXJfYmFja2VuZCI6ImRqYW5nby5jb250cmliLmF1dGguYmFja2VuZHMuTW9kZWxCYWNrZW5kIiwiX2F1dGhfdXNlcl9pZCI6MX0="}}, {"pk": "qsykp1wz6l9yhdgb5oebjxc5c67tg35y", "model": "sessions.session", "fields": {"expire_date": "2014-10-17T16:52:12.211Z", "session_data": "NDY3NzcxZDE3ZDdjNzcyZmE0OWI0YmVjMTM1ZTQ0N2U2NWM0N2FlNjp7Il9hdXRoX3VzZXJfYmFja2VuZCI6ImRqYW5nby5jb250cmliLmF1dGguYmFja2VuZHMuTW9kZWxCYWNrZW5kIiwiX2F1dGhfdXNlcl9pZCI6MX0="}}, {"pk": "qtc602a2eb6ccz41p9xxjo4nxaacnpw2", "model": "sessions.session", "fields": {"expire_date": "2014-11-01T08:47:57.904Z", "session_data": "NDY3NzcxZDE3ZDdjNzcyZmE0OWI0YmVjMTM1ZTQ0N2U2NWM0N2FlNjp7Il9hdXRoX3VzZXJfYmFja2VuZCI6ImRqYW5nby5jb250cmliLmF1dGguYmFja2VuZHMuTW9kZWxCYWNrZW5kIiwiX2F1dGhfdXNlcl9pZCI6MX0="}}, {"pk": "rqsnu3vuigf0soqp7ha9etdoly8vbrxb", "model": "sessions.session", "fields": {"expire_date": "2014-11-28T16:22:47.969Z", "session_data": "MDdmNmMxYWNiNmNlZThhZTVjNmNmYmZjMWY2NTdmMzVlNjNhYWE4YTp7fQ=="}}, {"pk": "rvc14phtlc5wo0do01cu2dnqzs7wvoda", "model": "sessions.session", "fields": {"expire_date": "2014-11-28T16:32:30.511Z", "session_data": "MDdmNmMxYWNiNmNlZThhZTVjNmNmYmZjMWY2NTdmMzVlNjNhYWE4YTp7fQ=="}}, {"pk": "rwmqp9b3fjuyunzn69po1gipjk4lcfm6", "model": "sessions.session", "fields": {"expire_date": "2014-11-28T17:34:46.650Z", "session_data": "MDdmNmMxYWNiNmNlZThhZTVjNmNmYmZjMWY2NTdmMzVlNjNhYWE4YTp7fQ=="}}, {"pk": "s8jaaw97zjsfb3qe7nrpecv3x9v557h4", "model": "sessions.session", "fields": {"expire_date": "2014-10-17T16:52:08.005Z", "session_data": "NDY3NzcxZDE3ZDdjNzcyZmE0OWI0YmVjMTM1ZTQ0N2U2NWM0N2FlNjp7Il9hdXRoX3VzZXJfYmFja2VuZCI6ImRqYW5nby5jb250cmliLmF1dGguYmFja2VuZHMuTW9kZWxCYWNrZW5kIiwiX2F1dGhfdXNlcl9pZCI6MX0="}}, {"pk": "scgn7heieumjujnxwrwqm77ofij4a9jy", "model": "sessions.session", "fields": {"expire_date": "2014-10-17T16:52:05.232Z", "session_data": "NDY3NzcxZDE3ZDdjNzcyZmE0OWI0YmVjMTM1ZTQ0N2U2NWM0N2FlNjp7Il9hdXRoX3VzZXJfYmFja2VuZCI6ImRqYW5nby5jb250cmliLmF1dGguYmFja2VuZHMuTW9kZWxCYWNrZW5kIiwiX2F1dGhfdXNlcl9pZCI6MX0="}}, {"pk": "sjdercr5a4wve2kbbl4yez9lj4cpa772", "model": "sessions.session", "fields": {"expire_date": "2014-11-28T16:26:26.256Z", "session_data": "MDdmNmMxYWNiNmNlZThhZTVjNmNmYmZjMWY2NTdmMzVlNjNhYWE4YTp7fQ=="}}, {"pk": "sugjcin8oyxtiq3bxti3h9t9f9imr3yv", "model": "sessions.session", "fields": {"expire_date": "2014-11-28T16:25:46.305Z", "session_data": "MDdmNmMxYWNiNmNlZThhZTVjNmNmYmZjMWY2NTdmMzVlNjNhYWE4YTp7fQ=="}}, {"pk": "tsk5kjkdpyeop8vii1m3py4em2vl1bmg", "model": "sessions.session", "fields": {"expire_date": "2014-11-28T17:33:36.942Z", "session_data": "MDdmNmMxYWNiNmNlZThhZTVjNmNmYmZjMWY2NTdmMzVlNjNhYWE4YTp7fQ=="}}, {"pk": "tw41rou8bxc3jevph9nlnc1e1nw2jbah", "model": "sessions.session", "fields": {"expire_date": "2014-10-17T16:50:17.328Z", "session_data": "NDY3NzcxZDE3ZDdjNzcyZmE0OWI0YmVjMTM1ZTQ0N2U2NWM0N2FlNjp7Il9hdXRoX3VzZXJfYmFja2VuZCI6ImRqYW5nby5jb250cmliLmF1dGguYmFja2VuZHMuTW9kZWxCYWNrZW5kIiwiX2F1dGhfdXNlcl9pZCI6MX0="}}, {"pk": "u0mavs6hzntg24tu2ric1oely755pody", "model": "sessions.session", "fields": {"expire_date": "2014-10-11T15:09:48.054Z", "session_data": "NDY3NzcxZDE3ZDdjNzcyZmE0OWI0YmVjMTM1ZTQ0N2U2NWM0N2FlNjp7Il9hdXRoX3VzZXJfYmFja2VuZCI6ImRqYW5nby5jb250cmliLmF1dGguYmFja2VuZHMuTW9kZWxCYWNrZW5kIiwiX2F1dGhfdXNlcl9pZCI6MX0="}}, {"pk": "u9i88bn8wio2d9kxkzzvohzgrprq2gu0", "model": "sessions.session", "fields": {"expire_date": "2014-10-11T15:10:41.711Z", "session_data": "NDY3NzcxZDE3ZDdjNzcyZmE0OWI0YmVjMTM1ZTQ0N2U2NWM0N2FlNjp7Il9hdXRoX3VzZXJfYmFja2VuZCI6ImRqYW5nby5jb250cmliLmF1dGguYmFja2VuZHMuTW9kZWxCYWNrZW5kIiwiX2F1dGhfdXNlcl9pZCI6MX0="}}, {"pk": "vcjevjohyeuxqvh0cjxyj8xwz3lr5s3t", "model": "sessions.session", "fields": {"expire_date": "2014-10-17T17:44:45.654Z", "session_data": "NDY3NzcxZDE3ZDdjNzcyZmE0OWI0YmVjMTM1ZTQ0N2U2NWM0N2FlNjp7Il9hdXRoX3VzZXJfYmFja2VuZCI6ImRqYW5nby5jb250cmliLmF1dGguYmFja2VuZHMuTW9kZWxCYWNrZW5kIiwiX2F1dGhfdXNlcl9pZCI6MX0="}}, {"pk": "wnhp86ar1dfviniclyzmeuwwxwobvd91", "model": "sessions.session", "fields": {"expire_date": "2014-11-28T16:23:46.348Z", "session_data": "MDdmNmMxYWNiNmNlZThhZTVjNmNmYmZjMWY2NTdmMzVlNjNhYWE4YTp7fQ=="}}, {"pk": "yc1bpxws21r0ry1jkd0kqhrwmsa545l8", "model": "sessions.session", "fields": {"expire_date": "2014-10-11T15:04:47.979Z", "session_data": "NDY3NzcxZDE3ZDdjNzcyZmE0OWI0YmVjMTM1ZTQ0N2U2NWM0N2FlNjp7Il9hdXRoX3VzZXJfYmFja2VuZCI6ImRqYW5nby5jb250cmliLmF1dGguYmFja2VuZHMuTW9kZWxCYWNrZW5kIiwiX2F1dGhfdXNlcl9pZCI6MX0="}}, {"pk": "z22w0ca1mqcf7not8skmw5rwiq5d9exm", "model": "sessions.session", "fields": {"expire_date": "2014-11-28T16:22:37.955Z", "session_data": "MDdmNmMxYWNiNmNlZThhZTVjNmNmYmZjMWY2NTdmMzVlNjNhYWE4YTp7fQ=="}}, {"pk": "z27c41f6e6fardwyh615g9vnfgpn95x0", "model": "sessions.session", "fields": {"expire_date": "2014-10-17T18:28:48.229Z", "session_data": "NDY3NzcxZDE3ZDdjNzcyZmE0OWI0YmVjMTM1ZTQ0N2U2NWM0N2FlNjp7Il9hdXRoX3VzZXJfYmFja2VuZCI6ImRqYW5nby5jb250cmliLmF1dGguYmFja2VuZHMuTW9kZWxCYWNrZW5kIiwiX2F1dGhfdXNlcl9pZCI6MX0="}}, {"pk": "z8mfrzt2g0996i6kwq01idoc2orpob2q", "model": "sessions.session", "fields": {"expire_date": "2014-10-18T04:07:07.235Z", "session_data": "NDY3NzcxZDE3ZDdjNzcyZmE0OWI0YmVjMTM1ZTQ0N2U2NWM0N2FlNjp7Il9hdXRoX3VzZXJfYmFja2VuZCI6ImRqYW5nby5jb250cmliLmF1dGguYmFja2VuZHMuTW9kZWxCYWNrZW5kIiwiX2F1dGhfdXNlcl9pZCI6MX0="}}, {"pk": "zfv4pz3wz70wc49lul2rltmvviiflfds", "model": "sessions.session", "fields": {"expire_date": "2014-10-18T04:05:47.433Z", "session_data": "NDY3NzcxZDE3ZDdjNzcyZmE0OWI0YmVjMTM1ZTQ0N2U2NWM0N2FlNjp7Il9hdXRoX3VzZXJfYmFja2VuZCI6ImRqYW5nby5jb250cmliLmF1dGguYmFja2VuZHMuTW9kZWxCYWNrZW5kIiwiX2F1dGhfdXNlcl9pZCI6MX0="}}, {"pk": 1, "model": "south.migrationhistory", "fields": {"applied": "2014-09-08T12:52:52.107Z", "app_name": "almanet", "migration": "0001_initial"}}, {"pk": 2, "model": "south.migrationhistory", "fields": {"applied": "2014-09-08T12:52:52.921Z", "app_name": "alm_user", "migration": "0001_initial"}}, {"pk": 3, "model": "south.migrationhistory", "fields": {"applied": "2014-09-08T12:52:53.912Z", "app_name": "alm_company", "migration": "0001_initial"}}, {"pk": 4, "model": "south.migrationhistory", "fields": {"applied": "2014-09-08T12:52:58.516Z", "app_name": "alm_vcard", "migration": "0001_initial"}}, {"pk": 6, "model": "south.migrationhistory", "fields": {"applied": "2014-09-08T12:53:03.949Z", "app_name": "alm_crm", "migration": "0002_auto__chg_field_contact_latest_activity"}}, {"pk": 7, "model": "south.migrationhistory", "fields": {"applied": "2014-09-11T18:27:36.141Z", "app_name": "almanet", "migration": "0002_auto__del_product__add_service__del_field_subscription_product__add_fi"}}, {"pk": 8, "model": "south.migrationhistory", "fields": {"applied": "2014-09-12T08:55:58.608Z", "app_name": "almanet", "migration": "0003_auto__chg_field_subscription_service"}}, {"pk": 9, "model": "south.migrationhistory", "fields": {"applied": "2014-09-12T08:56:11.322Z", "app_name": "alm_crm", "migration": "0003_auto__add_product__add_field_crmuser_organization_id__add_field_crmuse"}}, {"pk": 10, "model": "south.migrationhistory", "fields": {"applied": "2014-09-12T11:02:58.858Z", "app_name": "alm_crm", "migration": "0004_auto__del_field_product_title__add_field_product_name__add_field_produ"}}, {"pk": 11, "model": "south.migrationhistory", "fields": {"applied": "2014-09-19T09:55:16.683Z", "app_name": "alm_crm", "migration": "0005_auto__add_feedback__del_field_activity_status__del_field_activity_feed"}}, {"pk": 12, "model": "south.migrationhistory", "fields": {"applied": "2014-09-22T10:50:25.613Z", "app_name": "alm_crm", "migration": "0001_initial"}}, {"pk": 13, "model": "south.migrationhistory", "fields": {"applied": "2014-09-22T10:50:27.162Z", "app_name": "alm_crm", "migration": "0006_auto__chg_field_comment_content_type__add_index_comment_content_type"}}, {"pk": 14, "model": "south.migrationhistory", "fields": {"applied": "2014-09-27T14:35:19.080Z", "app_name": "alm_crm", "migration": "0002_auto__chg_field_contact_vcard__add_unique_contact_vcard"}}, {"pk": 15, "model": "south.migrationhistory", "fields": {"applied": "2014-10-04T17:17:16.308Z", "app_name": "alm_user", "migration": "0002_auto__add_field_user_username"}}, {"pk": 16, "model": "south.migrationhistory", "fields": {"applied": "2014-10-04T17:17:16.909Z", "app_name": "alm_user", "migration": "0003_auto__del_field_user_username"}}, {"pk": 17, "model": "south.migrationhistory", "fields": {"applied": "2014-10-04T17:17:24.105Z", "app_name": "alm_crm", "migration": "0003_auto__chg_field_crmuser_subscription_id__del_field_product_user_id__de"}}, {"pk": 18, "model": "south.migrationhistory", "fields": {"applied": "2014-10-04T17:17:25.229Z", "app_name": "alm_crm", "migration": "0004_auto__add_field_contact_owner"}}, {"pk": 19, "model": "south.migrationhistory", "fields": {"applied": "2014-10-04T17:17:25.797Z", "app_name": "alm_crm", "migration": "0005_auto__add_field_value_owner"}}, {"pk": 20, "model": "south.migrationhistory", "fields": {"applied": "2014-10-14T18:48:36.227Z", "app_name": "alm_crm", "migration": "0006_auto__add_field_salescycle_title"}}, {"pk": 21, "model": "south.migrationhistory", "fields": {"applied": "2014-10-15T09:36:52.950Z", "app_name": "alm_crm", "migration": "0007_auto__add_share"}}, {"pk": 22, "model": "south.migrationhistory", "fields": {"applied": "2014-10-15T18:25:13.761Z", "app_name": "alm_crm", "migration": "0008_auto__del_field_mention_user_id__add_field_mention_user__add_field_men"}}, {"pk": 23, "model": "south.migrationhistory", "fields": {"applied": "2014-10-27T13:09:36.341Z", "app_name": "alm_crm", "migration": "0009_auto__add_field_feedback_author"}}, {"pk": 24, "model": "south.migrationhistory", "fields": {"applied": "2014-11-04T18:00:42.808Z", "app_name": "alm_vcard", "migration": "0002_auto__add_field_nickname_subscription_id__add_field_category_subscript"}}, {"pk": 25, "model": "south.migrationhistory", "fields": {"applied": "2014-11-06T08:31:44.576Z", "app_name": "alm_crm", "migration": "0009_auto__del_field_mention_author__add_field_mention_owner__del_field_com"}}, {"pk": 26, "model": "south.migrationhistory", "fields": {"applied": "2014-11-12T08:39:39.229Z", "app_name": "alm_crm", "migration": "0010_auto__add_field_feedback_owner"}}, {"pk": 27, "model": "south.migrationhistory", "fields": {"applied": "2014-11-12T10:00:35.681Z", "app_name": "tastypie", "migration": "0001_initial"}}, {"pk": 28, "model": "south.migrationhistory", "fields": {"applied": "2014-11-12T10:00:35.971Z", "app_name": "tastypie", "migration": "0002_add_apikey_index"}}, {"pk": 1, "model": "almanet.service", "fields": {"slug": "crm", "description": "CRM module by ALMACloud", "title": "CRM"}}, {"pk": 1, "model": "alm_user.user", "fields": {"first_name": "Sattar", "last_name": "Stamkulov", "company": [2], "is_active": true, "last_login": "2014-11-16T06:37:45.589Z", "is_admin": true, "timezone": "Asia/Almaty", "password": "pbkdf2_sha256$12000$hWS15F49MKYP$d97Ch8S9Iwnk0xEqwGIBiIbRR82ZZGExrDZiX8wpbl8=", "email": "sattar94@outlook.com"}}, {"pk": 2, "model": "alm_user.user", "fields": {"first_name": "Daniyar", "last_name": "Musakulov", "company": [2], "is_active": true, "last_login": "2014-10-19T06:46:13.900Z", "is_admin": false, "timezone": "Asia/Almaty", "password": "pbkdf2_sha256$12000$ZgVoWkJkiwGi$V7A6ApJP1K2S5oCXmZLyViX7pE+NY53lB0HOedSmJt4=", "email": "dmusaku@gmail.com"}}, {"pk": 2, "model": "alm_company.company", "fields": {"owner": [], "subdomain": "almacloud", "name": "ALMACloud"}}, {"pk": 1, "model": "alm_vcard.vcard", "fields": {"family_name": "Musina", "uid": null, "honorific_suffix": "", "additional_name": "A", "rev": null, "honorific_prefix": "Ms", "bday": "2014-09-04", "given_name": "Aliya", "sort_string": null, "classP": "manager", "subscription_id": null, "fn": "Aliya"}}, {"pk": 2, "model": "alm_vcard.vcard", "fields": {"family_name": "Stamkulov", "uid": null, "honorific_suffix": "", "additional_name": "", "rev": null, "honorific_prefix": "", "bday": "1994-04-25", "given_name": "Sattar", "sort_string": null, "classP": null, "subscription_id": null, "fn": "Sattar Stamkulov"}}, {"pk": 3, "model": "alm_vcard.vcard", "fields": {"family_name": "Mussakulov", "uid": null, "honorific_suffix": "", "additional_name": "", "rev": null, "honorific_prefix": "", "bday": "1990-01-01", "given_name": "Daniyar", "sort_string": null, "classP": null, "subscription_id": null, "fn": "Daniyar Mussakulov"}}, {"pk": 4, "model": "alm_vcard.vcard", "fields": {"family_name": "Kamun", "uid": null, "honorific_suffix": "", "additional_name": "", "rev": null, "honorific_prefix": "", "bday": "1990-09-23", "given_name": "Rustem", "sort_string": null, "classP": null, "subscription_id": null, "fn": "Rustem Kamun"}}, {"pk": 1, "model": "alm_vcard.tel", "fields": {"subscription_id": null, "type": "cell", "vcard": 1, "value": "87777777777"}}, {"pk": 2, "model": "alm_vcard.tel", "fields": {"subscription_id": null, "type": "WORK", "vcard": 1, "value": "87776666666"}}, {"pk": 3, "model": "alm_vcard.tel", "fields": {"subscription_id": null, "type": "WORK", "vcard": 3, "value": "+77771234567"}}, {"pk": 1, "model": "alm_vcard.email", "fields": {"subscription_id": null, "type": "WORK", "vcard": 2, "value": "sattar.coder@gmail.com"}}, {"pk": 2, "model": "alm_vcard.email", "fields": {"subscription_id": null, "type": "HOME", "vcard": 3, "value": "dmussaku@gmail.com"}}, {"pk": 3, "model": "alm_vcard.email", "fields": {"subscription_id": null, "type": "HOME", "vcard": 2, "value": "sattar94@outlook.com"}}, {"pk": 4, "model": "alm_vcard.email", "fields": {"subscription_id": null, "type": "HOME", "vcard": 4, "value": "r.kamun@gmail.com"}}, {"pk": 1, "model": "alm_vcard.org", "fields": {"organization_name": "Almacloud", "subscription_id": null, "organization_unit": "LLC", "vcard": 1}}, {"pk": 1, "model": "alm_vcard.adr", "fields": {"post_office_box": "050001", "extended_address": "Tolebi 1, 12, 14", "locality": "", "region": "Almaty", "postal_code": "050001", "country_name": "Kazakhstan", "subscription_id": null, "type": "WORK", "vcard": 1, "street_address": "Tole bi"}}, {"pk": 2, "model": "alm_vcard.adr", "fields": {"post_office_box": "1", "extended_address": "1", "locality": "", "region": "1", "postal_code": "1", "country_name": "1", "subscription_id": null, "type": "dom", "vcard": 1, "street_address": "1"}}, {"pk": 1, "model": "alm_vcard.role", "fields": {"subscription_id": null, "data": "sales manager", "vcard": 1}}, {"pk": 2, "model": "alm_vcard.role", "fields": {"subscription_id": null, "data": "sales supervisor", "vcard": 1}}, {"pk": 1, "model": "alm_vcard.tz", "fields": {"subscription_id": null, "data": "UTC", "vcard": 1}}, {"pk": 2, "model": "alm_crm.crmuser", "fields": {"organization_id": 2, "is_supervisor": true, "subscription_id": 1, "user_id": 1}}, {"pk": 4, "model": "alm_crm.crmuser", "fields": {"organization_id": 2, "is_supervisor": true, "subscription_id": 2, "user_id": 2}}, {"pk": 1, "model": "alm_crm.contact", "fields": {"status": 1, "latest_activity": 29, "tp": "user", "assignees": [], "company_contact": null, "followers": [], "owner": null, "date_created": "2014-09-26T11:02:33.871Z", "subscription_id": null, "vcard": null}}, {"pk": 2, "model": "alm_crm.contact", "fields": {"status": 1, "latest_activity": 28, "tp": "user", "assignees": [2], "company_contact": null, "followers": [], "owner": 2, "date_created": "2014-09-29T10:56:05.600Z", "subscription_id": 1, "vcard": 1}}, {"pk": 3, "model": "alm_crm.contact", "fields": {"status": 0, "latest_activity": null, "tp": "user", "assignees": [], "company_contact": null, "followers": [], "owner": null, "date_created": "2014-10-23T17:20:37.646Z", "subscription_id": null, "vcard": null}}, {"pk": 4, "model": "alm_crm.contact", "fields": {"status": 0, "latest_activity": null, "tp": "user", "assignees": [], "company_contact": null, "followers": [], "owner": null, "date_created": "2014-11-04T18:18:25.857Z", "subscription_id": null, "vcard": 4}}, {"pk": 4, "model": "alm_crm.value", "fields": {"salary": "instant", "currency": "KZT", "subscription_id": 1, "amount": 403, "owner": 2}}, {"pk": 6, "model": "alm_crm.value", "fields": {"salary": "instant", "currency": "KZT", "subscription_id": 1, "amount": 200, "owner": 2}}, {"pk": 7, "model": "alm_crm.value", "fields": {"salary": "instant", "currency": "KZT", "subscription_id": 1, "amount": 200, "owner": 2}}, {"pk": 9, "model": "alm_crm.value", "fields": {"salary": "instant", "currency": "KZT", "subscription_id": 1, "amount": 2000, "owner": 2}}, {"pk": 11, "model": "alm_crm.value", "fields": {"salary": "instant", "currency": "KZT", "subscription_id": 1, "amount": 2000, "owner": 2}}, {"pk": 13, "model": "alm_crm.value", "fields": {"salary": "instant", "currency": "KZT", "subscription_id": 1, "amount": 2004, "owner": 2}}, {"pk": 15, "model": "alm_crm.value", "fields": {"salary": "instant", "currency": "KZT", "subscription_id": 1, "amount": 3007, "owner": 2}}, {"pk": 24, "model": "alm_crm.value", "fields": {"salary": "instant", "currency": "KZT", "subscription_id": 1, "amount": 20020, "owner": 2}}, {"pk": 26, "model": "alm_crm.value", "fields": {"salary": "instant", "currency": "KZT", "subscription_id": 1, "amount": 2005, "owner": 2}}, {"pk": 27, "model": "alm_crm.value", "fields": {"salary": "instant", "currency": "KZT", "subscription_id": 1, "amount": 100, "owner": 2}}, {"pk": 28, "model": "alm_crm.value", "fields": {"salary": "instant", "currency": "KZT", "subscription_id": 1, "amount": 5, "owner": 2}}, {"pk": 29, "model": "alm_crm.value", "fields": {"salary": "instant", "currency": "KZT", "subscription_id": 1, "amount": 777, "owner": 2}}, {"pk": 33, "model": "alm_crm.value", "fields": {"salary": "instant", "currency": "KZT", "subscription_id": 1, "amount": 1000, "owner": 2}}, {"pk": 34, "model": "alm_crm.value", "fields": {"salary": "instant", "currency": "KZT", "subscription_id": 1, "amount": 20000, "owner": 2}}, {"pk": 1, "model": "alm_crm.product", "fields": {"name": "\u0412\u043a\u043b\u0430\u0434 DEPOSITUM", "price": 10000, "currency": "KZT", "owner": null, "subscription_id": null, "description": "\u041c\u0443\u043b\u044c\u0442\u0438\u0432\u0430\u043b\u044e\u0442\u043d\u044b\u0439 \u0432\u043a\u043b\u0430\u0434 DEPOSITUM \u043f\u043e\u0437\u0432\u043e\u043b\u044f\u0435\u0442 \u0445\u0440\u0430\u043d\u0438\u0442\u044c \u0438 \u043f\u0440\u0438\u0443\u043c\u043d\u043e\u0436\u0430\u0442\u044c \u0434\u0435\u043d\u044c\u0433\u0438 \u043e\u0434\u043d\u043e\u0432\u0440\u0435\u043c\u0435\u043d\u043d\u043e \u0432 \u0442\u0440\u0435\u0445 \u0432\u0430\u043b\u044e\u0442\u0430\u0445: \u0442\u0435\u043d\u0433\u0435, \u0434\u043e\u043b\u043b\u0430\u0440\u0430\u0445 \u0421\u0428\u0410 \u0438 \u0435\u0432\u0440\u043e.\n\u041f\u0440\u0435\u0438\u043c\u0443\u0449\u0435\u0441\u0442\u0432\u0430:\u0432\u043e\u0437\u043c\u043e\u0436\u043d\u043e\u0441\u0442\u044c \u0434\u0438\u0441\u0442\u0430\u043d\u0446\u0438\u043e\u043d\u043d\u043e \u043f\u0440\u043e\u0432\u043e\u0434\u0438\u0442\u044c \u043a\u043e\u043d\u0432\u0435\u0440\u0442\u0430\u0446\u0438\u044e \u0434\u0435\u043d\u0435\u0433 \u0432 \u0440\u0430\u043c\u043a\u0430\u0445 \u0441\u0447\u0435\u0442\u043e\u0432 \u043c\u0443\u043b\u044c\u0442\u0438\u0432\u0430\u043b\u044e\u0442\u043d\u043e\u0433\u043e \u0432\u043a\u043b\u0430\u0434\u0430 \u0431\u0435\u0437 \u043a\u043e\u043c\u0438\u0441\u0441\u0438\u0439 \u0441 \u0438\u0441\u043f\u043e\u043b\u044c\u0437\u043e\u0432\u0430\u043d\u0438\u0435\u043c \u0438\u043d\u0442\u0435\u0440\u043d\u0435\u0442-\u0431\u0430\u043d\u043a\u0438\u043d\u0433\u0430 \u0411\u0430\u043d\u043a\u0430:\n\u2013 \u0431\u0435\u0437 \u043e\u0433\u0440\u0430\u043d\u0438\u0447\u0435\u043d\u0438\u044f \u043c\u0430\u043a\u0441\u0438\u043c\u0430\u043b\u044c\u043d\u043e\u0439 \u0441\u0443\u043c\u043c\u044b \u043a\u043e\u043d\u0432\u0435\u0440\u0442\u0430\u0446\u0438\u0438;"}}, {"pk": 2, "model": "alm_crm.product", "fields": {"name": "\u0414\u0435\u043f\u043e\u0437\u0438\u0442 V.P.R.O.K.", "price": 10000, "currency": "KZT", "owner": null, "subscription_id": null, "description": ""}}, {"pk": 3, "model": "alm_crm.product", "fields": {"name": "\u0414\u0435\u043f\u043e\u0437\u0438\u0442 DREAM", "price": 10000, "currency": "KZT", "owner": null, "subscription_id": null, "description": ""}}, {"pk": 4, "model": "alm_crm.product", "fields": {"name": "\u0414\u0435\u043f\u043e\u0437\u0438\u0442 SAFE", "price": 10000, "currency": "KZT", "owner": null, "subscription_id": null, "description": ""}}, {"pk": 5, "model": "alm_crm.product", "fields": {"name": "\u0412\u041a\u041b\u0410\u0414 \u041b\u0415\u0413\u0410\u041b\u0418\u0417\u0410\u0426\u0418\u042f", "price": 10000, "currency": "KZT", "owner": null, "subscription_id": null, "description": ""}}, {"pk": 6, "model": "alm_crm.product", "fields": {"name": "\u0414\u0435\u043f\u043e\u0437\u0438\u0442 \"\u0414\u041e \u0412\u041e\u0421\u0422\u0420\u0415\u0411\u041e\u0412\u0410\u041d\u0418\u042f\"", "price": 10000, "currency": "KZT", "owner": null, "subscription_id": null, "description": ""}}, {"pk": 7, "model": "alm_crm.product", "fields": {"name": "VISA ELECTRON", "price": 5000, "currency": "KZT", "owner": null, "subscription_id": null, "description": ""}}, {"pk": 8, "model": "alm_crm.product", "fields": {"name": "VISA CLASSIC", "price": 10000, "currency": "KZT", "owner": null, "subscription_id": null, "description": ""}}, {"pk": 9, "model": "alm_crm.product", "fields": {"name": "VISA GOLD", "price": 5000, "currency": "KZT", "owner": null, "subscription_id": null, "description": ""}}, {"pk": 10, "model": "alm_crm.product", "fields": {"name": "VISA VIRTUON", "price": 5000, "currency": "KZT", "owner": null, "subscription_id": null, "description": ""}}, {"pk": 11, "model": "alm_crm.product", "fields": {"name": "VISA PLATINUM", "price": 5000, "currency": "KZT", "owner": null, "subscription_id": null, "description": ""}}, {"pk": 12, "model": "alm_crm.product", "fields": {"name": "VISA INFINITE", "price": 5000, "currency": "KZT", "owner": null, "subscription_id": null, "description": ""}}, {"pk": 13, "model": "alm_crm.product", "fields": {"name": "\u0417\u041e\u041b\u041e\u0422\u0410\u042f \u041a\u041e\u0420\u041e\u041d\u0410", "price": 5000, "currency": "KZT", "owner": null, "subscription_id": null, "description": ""}}, {"pk": 14, "model": "alm_crm.product", "fields": {"name": "WESTERN UNION", "price": 5000, "currency": "KZT", "owner": null, "subscription_id": null, "description": ""}}, {"pk": 15, "model": "alm_crm.product", "fields": {"name": "SWIFT", "price": 5000, "currency": "KZT", "owner": null, "subscription_id": null, "description": ""}}, {"pk": 16, "model": "alm_crm.product", "fields": {"name": "\u041f\u041b\u0410\u0422\u0415\u0416\u0418 \u0411\u0415\u0417 \u041e\u0422\u041a\u0420\u042b\u0422\u0418\u042f \u0421\u0427\u0415\u0422\u0410", "price": 5000, "currency": "KZT", "owner": null, "subscription_id": null, "description": ""}}, {"pk": 17, "model": "alm_crm.product", "fields": {"name": "\u041e\u041f\u0415\u0420\u0410\u0426\u0418\u0418 \u0421 \u0427\u0415\u041a\u0410\u041c\u0418", "price": 5000, "currency": "KZT", "owner": null, "subscription_id": null, "description": ""}}, {"pk": 18, "model": "alm_crm.product", "fields": {"name": "\u0421\u0415\u0419\u0424\u041e\u0412\u042b\u0415 \u041e\u041f\u0415\u0420\u0410\u0426\u0418\u0418", "price": 5000, "currency": "KZT", "owner": null, "subscription_id": null, "description": ""}}, {"pk": 3, "model": "alm_crm.salescycle", "fields": {"status": "N", "latest_activity": 28, "title": "", "real_value": 28, "followers": [], "projected_value": null, "from_date": "2014-10-06T10:53:04.838Z", "contact": 2, "products": [], "to_date": "2014-10-06T10:53:04.838Z", "owner": 2, "date_created": "2014-10-06T10:53:04.838Z", "subscription_id": 1}}, {"pk": 4, "model": "alm_crm.salescycle", "fields": {"status": "N", "latest_activity": 18, "title": "", "real_value": 7, "followers": [], "projected_value": null, "from_date": "2014-10-06T10:54:03.855Z", "contact": 2, "products": [], "to_date": "2014-10-06T10:54:03.855Z", "owner": 2, "date_created": "2014-10-06T10:54:03.855Z", "subscription_id": 1}}, {"pk": 5, "model": "alm_crm.salescycle", "fields": {"status": "N", "latest_activity": 21, "title": "Cycle number 1", "real_value": null, "followers": [], "projected_value": null, "from_date": "2014-10-14T19:24:46.152Z", "contact": 2, "products": [], "to_date": "2014-10-14T19:24:46.152Z", "owner": 2, "date_created": "2014-10-14T19:24:46.152Z", "subscription_id": 1}}, {"pk": 6, "model": "alm_crm.salescycle", "fields": {"status": "N", "latest_activity": null, "title": "Cycle #2", "real_value": null, "followers": [], "projected_value": null, "from_date": "2014-10-15T13:31:43.455Z", "contact": 2, "products": [], "to_date": "2014-10-15T13:31:43.455Z", "owner": 2, "date_created": "2014-10-15T13:31:43.455Z", "subscription_id": null}}, {"pk": 7, "model": "alm_crm.salescycle", "fields": {"status": "N", "latest_activity": null, "title": "Cycle #3", "real_value": null, "followers": [], "projected_value": null, "from_date": "2014-10-15T13:33:10.110Z", "contact": 2, "products": [], "to_date": "2014-10-15T13:33:10.110Z", "owner": 2, "date_created": "2014-10-15T13:33:10.109Z", "subscription_id": null}}, {"pk": 8, "model": "alm_crm.salescycle", "fields": {"status": "N", "latest_activity": null, "title": "Cycle #4", "real_value": null, "followers": [], "projected_value": null, "from_date": "2014-10-15T13:34:28.885Z", "contact": 2, "products": [], "to_date": "2014-10-15T13:34:28.885Z", "owner": 2, "date_created": "2014-10-15T13:34:28.885Z", "subscription_id": null}}, {"pk": 9, "model": "alm_crm.salescycle", "fields": {"status": "N", "latest_activity": null, "title": "Cycle #5", "real_value": null, "followers": [], "projected_value": null, "from_date": "2014-10-15T13:36:43.381Z", "contact": 2, "products": [], "to_date": "2014-10-15T13:36:43.381Z", "owner": 2, "date_created": "2014-10-15T13:36:43.380Z", "subscription_id": null}}, {"pk": 10, "model": "alm_crm.salescycle", "fields": {"status": "N", "latest_activity": null, "title": "Cycle #6", "real_value": 4, "followers": [], "projected_value": null, "from_date": "2014-10-22T04:43:23.769Z", "contact": 2, "products": [], "to_date": "2014-10-22T04:43:23.769Z", "owner": 2, "date_created": "2014-10-22T04:43:23.769Z", "subscription_id": 1}}, {"pk": 11, "model": "alm_crm.salescycle", "fields": {"status": "N", "latest_activity": 27, "title": "Rustem's sales cycle", "real_value": 29, "followers": [], "projected_value": null, "from_date": "2014-10-22T07:55:07.810Z", "contact": 2, "products": [], "to_date": "2014-10-22T07:55:07.810Z", "owner": 2, "date_created": "2014-10-22T07:55:07.810Z", "subscription_id": 1}}, {"pk": 12, "model": "alm_crm.salescycle", "fields": {"status": "N", "latest_activity": null, "title": "Rustem's Sales Cycle #2", "real_value": null, "followers": [], "projected_value": null, "from_date": "2014-10-22T08:00:37.587Z", "contact": 2, "products": [1], "to_date": "2014-10-22T08:00:37.587Z", "owner": 2, "date_created": "2014-10-22T08:00:37.587Z", "subscription_id": 1}}, {"pk": 13, "model": "alm_crm.salescycle", "fields": {"status": "N", "latest_activity": 29, "title": "First Sales Cycle", "real_value": 34, "followers": [], "projected_value": null, "from_date": "2014-10-22T13:29:41.931Z", "contact": 1, "products": [1], "to_date": "2014-10-22T13:29:41.931Z", "owner": 2, "date_created": "2014-10-22T13:29:41.931Z", "subscription_id": 1}}, {"pk": 1, "model": "alm_crm.activity", "fields": {"sales_cycle": 3, "description": "first call", "title": "First call", "owner": 0, "date_created": "2014-10-07T16:13:20.693Z", "subscription_id": null, "date_edited": "2014-10-07T16:13:20.693Z"}}, {"pk": 2, "model": "alm_crm.activity", "fields": {"sales_cycle": 4, "description": "Email client", "title": "Email client", "owner": 0, "date_created": "2014-10-07T18:22:05.680Z", "subscription_id": null, "date_edited": "2014-10-07T18:22:05.681Z"}}, {"pk": 3, "model": "alm_crm.activity", "fields": {"sales_cycle": 4, "description": "First call client", "title": "First call client", "owner": 0, "date_created": "2014-10-07T18:29:50.643Z", "subscription_id": null, "date_edited": "2014-10-07T18:29:50.643Z"}}, {"pk": 4, "model": "alm_crm.activity", "fields": {"sales_cycle": 4, "description": "Second call", "title": "Second call", "owner": 0, "date_created": "2014-10-07T18:36:06.936Z", "subscription_id": null, "date_edited": "2014-10-07T18:36:06.936Z"}}, {"pk": 5, "model": "alm_crm.activity", "fields": {"sales_cycle": 4, "description": "Third call", "title": "Third call", "owner": 0, "date_created": "2014-10-07T18:45:57.256Z", "subscription_id": null, "date_edited": "2014-10-07T18:45:57.256Z"}}, {"pk": 6, "model": "alm_crm.activity", "fields": {"sales_cycle": 4, "description": "Third call", "title": "Third call", "owner": 0, "date_created": "2014-10-07T18:47:59.412Z", "subscription_id": null, "date_edited": "2014-10-07T18:47:59.412Z"}}, {"pk": 7, "model": "alm_crm.activity", "fields": {"sales_cycle": 4, "description": "Third call", "title": "Third call", "owner": 0, "date_created": "2014-10-07T18:51:43.059Z", "subscription_id": null, "date_edited": "2014-10-07T18:51:43.059Z"}}, {"pk": 8, "model": "alm_crm.activity", "fields": {"sales_cycle": 4, "description": "Fourth call", "title": "Fourth call", "owner": 0, "date_created": "2014-10-07T18:52:39.481Z", "subscription_id": null, "date_edited": "2014-10-07T18:52:39.481Z"}}, {"pk": 9, "model": "alm_crm.activity", "fields": {"sales_cycle": 4, "description": "Fifth call", "title": "Fifth call", "owner": 0, "date_created": "2014-10-07T18:54:03.519Z", "subscription_id": null, "date_edited": "2014-10-07T18:54:03.519Z"}}, {"pk": 10, "model": "alm_crm.activity", "fields": {"sales_cycle": 4, "description": "Sixth call", "title": "Sixth call", "owner": 0, "date_created": "2014-10-07T18:55:51.060Z", "subscription_id": null, "date_edited": "2014-10-07T18:55:51.060Z"}}, {"pk": 11, "model": "alm_crm.activity", "fields": {"sales_cycle": 3, "description": "Making deal", "title": "Making deal", "owner": 0, "date_created": "2014-10-07T18:56:34.714Z", "subscription_id": null, "date_edited": "2014-10-07T18:56:34.714Z"}}, {"pk": 12, "model": "alm_crm.activity", "fields": {"sales_cycle": 3, "description": "DONE, YEAP!!", "title": "DONE, YEAP!!", "owner": 0, "date_created": "2014-10-07T19:05:57.910Z", "subscription_id": null, "date_edited": "2014-10-07T19:05:57.910Z"}}, {"pk": 13, "model": "alm_crm.activity", "fields": {"sales_cycle": 4, "description": "hello how are you? Sattar ", "title": "hello how are you? Sattar ", "owner": 0, "date_created": "2014-10-13T10:20:35.850Z", "subscription_id": null, "date_edited": "2014-10-13T10:20:35.850Z"}}, {"pk": 14, "model": "alm_crm.activity", "fields": {"sales_cycle": 4, "description": "Where is Sattar ", "title": "Where is Sattar ", "owner": 0, "date_created": "2014-10-13T11:58:58.762Z", "subscription_id": null, "date_edited": "2014-10-13T11:58:58.762Z"}}, {"pk": 15, "model": "alm_crm.activity", "fields": {"sales_cycle": 4, "description": "Without mentions", "title": "Without mentions", "owner": 0, "date_created": "2014-10-13T12:00:16.325Z", "subscription_id": null, "date_edited": "2014-10-13T12:00:16.325Z"}}, {"pk": 16, "model": "alm_crm.activity", "fields": {"sales_cycle": 4, "description": "My name is Sattar Stamkulov ", "title": "My name is Sattar Stamkulov ", "owner": 0, "date_created": "2014-10-14T11:11:36.006Z", "subscription_id": null, "date_edited": "2014-10-14T11:11:36.006Z"}}, {"pk": 17, "model": "alm_crm.activity", "fields": {"sales_cycle": 5, "description": "Hello Daniyar Musakulov ", "title": "Hello Daniyar Musakulov ", "owner": 0, "date_created": "2014-10-19T10:07:21.085Z", "subscription_id": 1, "date_edited": "2014-10-19T10:07:21.085Z"}}, {"pk": 18, "model": "alm_crm.activity", "fields": {"sales_cycle": 4, "description": "Good morning Sattar Stamkulov ", "title": "Good morning Sattar Stamkulov ", "owner": 0, "date_created": "2014-10-22T04:43:57.922Z", "subscription_id": 1, "date_edited": "2014-10-22T04:43:57.922Z"}}, {"pk": 21, "model": "alm_crm.activity", "fields": {"sales_cycle": 5, "description": "Hello Sattar Stamkulov ", "title": "Hello Sattar Stamkulov ", "owner": 0, "date_created": "2014-10-22T11:55:17.777Z", "subscription_id": 1, "date_edited": "2014-10-22T11:55:17.777Z"}}, {"pk": 22, "model": "alm_crm.activity", "fields": {"sales_cycle": 11, "description": "Daniyar Musakulov ", "title": "Daniyar Musakulov ", "owner": 0, "date_created": "2014-10-22T11:57:40.688Z", "subscription_id": 1, "date_edited": "2014-10-22T11:57:40.688Z"}}, {"pk": 23, "model": "alm_crm.activity", "fields": {"sales_cycle": 11, "description": "Hel", "title": "Hel", "owner": 0, "date_created": "2014-10-22T11:57:53.511Z", "subscription_id": 1, "date_edited": "2014-10-22T11:57:53.511Z"}}, {"pk": 24, "model": "alm_crm.activity", "fields": {"sales_cycle": 3, "description": "wwsf", "title": "wwsf", "owner": 0, "date_created": "2014-10-22T11:58:10.954Z", "subscription_id": 1, "date_edited": "2014-10-22T11:58:10.954Z"}}, {"pk": 25, "model": "alm_crm.activity", "fields": {"sales_cycle": 3, "description": "TER", "title": "TER", "owner": 0, "date_created": "2014-10-22T11:58:48.256Z", "subscription_id": 1, "date_edited": "2014-10-22T11:58:48.256Z"}}, {"pk": 26, "model": "alm_crm.activity", "fields": {"sales_cycle": 11, "description": "ere", "title": "ere", "owner": 0, "date_created": "2014-10-22T12:00:05.176Z", "subscription_id": 1, "date_edited": "2014-10-22T12:00:05.176Z"}}, {"pk": 27, "model": "alm_crm.activity", "fields": {"sales_cycle": 11, "description": "Lookatme", "title": "Lookatme", "owner": 0, "date_created": "2014-10-22T12:00:45.665Z", "subscription_id": 1, "date_edited": "2014-10-22T12:00:45.665Z"}}, {"pk": 28, "model": "alm_crm.activity", "fields": {"sales_cycle": 3, "description": "last", "title": "last", "owner": 0, "date_created": "2014-10-22T12:10:46.025Z", "subscription_id": 1, "date_edited": "2014-10-22T12:10:46.025Z"}}, {"pk": 29, "model": "alm_crm.activity", "fields": {"sales_cycle": 13, "description": "Sattar Stamkulov Daniyar Musakulov ", "title": "Sattar Stamkulov Daniyar Musakulov ", "owner": 0, "date_created": "2014-10-22T13:30:00.490Z", "subscription_id": 1, "date_edited": "2014-10-22T13:30:00.490Z"}}, {"pk": 1, "model": "alm_crm.feedback", "fields": {"status": "2", "feedback": "Hi!10003", "value": null, "activity": 29, "owner": 1, "date_created": "2014-10-27T13:11:40.833Z", "subscription_id": 2, "date_edited": "2014-10-27T15:08:18.201Z"}}, {"pk": 2, "model": "alm_crm.mention", "fields": {"owner": null, "subscription_id": null, "user": null, "content_type": 31, "object_id": 14}}, {"pk": 3, "model": "alm_crm.mention", "fields": {"owner": null, "subscription_id": null, "user": null, "content_type": 31, "object_id": 16}}, {"pk": 4, "model": "alm_crm.mention", "fields": {"owner": null, "subscription_id": null, "user": 4, "content_type": 31, "object_id": 17}}, {"pk": 5, "model": "alm_crm.mention", "fields": {"owner": null, "subscription_id": null, "user": 2, "content_type": 31, "object_id": 18}}, {"pk": 7, "model": "alm_crm.mention", "fields": {"owner": null, "subscription_id": null, "user": 4, "content_type": 31, "object_id": 22}}, {"pk": 8, "model": "alm_crm.mention", "fields": {"owner": null, "subscription_id": null, "user": 2, "content_type": 31, "object_id": 29}}, {"pk": 9, "model": "alm_crm.mention", "fields": {"owner": null, "subscription_id": null, "user": 4, "content_type": 31, "object_id": 29}}, {"pk": 10, "model": "alm_crm.mention", "fields": {"owner": null, "subscription_id": null, "user": 2, "content_type": 32, "object_id": 13}}, {"pk": 11, "model": "alm_crm.mention", "fields": {"owner": null, "subscription_id": null, "user": 4, "content_type": 32, "object_id": 13}}, {"pk": 12, "model": "alm_crm.mention", "fields": {"owner": null, "subscription_id": null, "user": 2, "content_type": 32, "object_id": 13}}, {"pk": 13, "model": "alm_crm.mention", "fields": {"owner": null, "subscription_id": null, "user": 4, "content_type": 32, "object_id": 3}}, {"pk": 14, "model": "alm_crm.mention", "fields": {"owner": null, "subscription_id": null, "user": 2, "content_type": 26, "object_id": 3}}, {"pk": 15, "model": "alm_crm.mention", "fields": {"owner": null, "subscription_id": null, "user": 4, "content_type": 26, "object_id": 3}}, {"pk": 16, "model": "alm_crm.mention", "fields": {"owner": null, "subscription_id": null, "user": 2, "content_type": 26, "object_id": 5}}, {"pk": 17, "model": "alm_crm.mention", "fields": {"owner": null, "subscription_id": null, "user": 2, "content_type": 26, "object_id": 7}}, {"pk": 18, "model": "alm_crm.mention", "fields": {"owner": null, "subscription_id": null, "user": 4, "content_type": 26, "object_id": 8}}, {"pk": 19, "model": "alm_crm.mention", "fields": {"owner": null, "subscription_id": null, "user": 2, "content_type": 26, "object_id": 9}}, {"pk": 20, "model": "alm_crm.mention", "fields": {"owner": null, "subscription_id": null, "user": 4, "content_type": 26, "object_id": 9}}, {"pk": 21, "model": "alm_crm.mention", "fields": {"owner": null, "subscription_id": null, "user": 4, "content_type": 26, "object_id": 10}}, {"pk": 22, "model": "alm_crm.mention", "fields": {"owner": null, "subscription_id": null, "user": 2, "content_type": 26, "object_id": 11}}, {"pk": 23, "model": "alm_crm.mention", "fields": {"owner": null, "subscription_id": null, "user": 4, "content_type": 26, "object_id": 11}}, {"pk": 24, "model": "alm_crm.mention", "fields": {"owner": null, "subscription_id": null, "user": 4, "content_type": 32, "object_id": 13}}, {"pk": 1, "model": "alm_crm.comment", "fields": {"comment": "Comment was added by Sattar", "object_id": 28, "content_type": 31, "owner": 0, "date_created": "2014-10-22T16:35:14.217Z", "subscription_id": 1, "date_edited": "2014-10-22T16:35:14.217Z"}}, {"pk": 2, "model": "alm_crm.comment", "fields": {"comment": "\n                    Hello @sattar\n                ", "object_id": 25, "content_type": 31, "owner": 0, "date_created": "2014-10-22T16:55:09.592Z", "subscription_id": 1, "date_edited": "2014-10-22T16:55:13.430Z"}}, {"pk": 3, "model": "alm_crm.comment", "fields": {"comment": "Hey Sattar Stamkulov and Daniyar Musakulov ", "object_id": 28, "content_type": 31, "owner": 0, "date_created": "2014-10-22T18:15:28.893Z", "subscription_id": 1, "date_edited": "2014-10-22T18:15:29.814Z"}}, {"pk": 4, "model": "alm_crm.comment", "fields": {"comment": "ahha", "object_id": 28, "content_type": 31, "owner": 0, "date_created": "2014-10-22T18:16:16.672Z", "subscription_id": 1, "date_edited": "2014-10-22T18:16:16.868Z"}}, {"pk": 5, "model": "alm_crm.comment", "fields": {"comment": "\r\n          \r\n          !!!!ahoho Sattar Stamkulov \r\n        \r\n        ", "object_id": 28, "content_type": 31, "owner": 0, "date_created": "2014-10-22T18:16:25.862Z", "subscription_id": 1, "date_edited": "2014-10-22T18:22:59.607Z"}}, {"pk": 6, "model": "alm_crm.comment", "fields": {"comment": "Comment =)", "object_id": 28, "content_type": 31, "owner": 0, "date_created": "2014-10-24T11:24:05.055Z", "subscription_id": 1, "date_edited": "2014-10-24T11:24:05.434Z"}}, {"pk": 7, "model": "alm_crm.comment", "fields": {"comment": "Sattar Stamkulov ", "object_id": 28, "content_type": 31, "owner": 0, "date_created": "2014-10-24T11:24:21.647Z", "subscription_id": 1, "date_edited": "2014-10-24T11:24:22.157Z"}}, {"pk": 8, "model": "alm_crm.comment", "fields": {"comment": "\r\n          Daniyar Musakulov \r\n        ", "object_id": 1, "content_type": 36, "owner": 0, "date_created": "2014-10-24T11:52:08.387Z", "subscription_id": 1, "date_edited": "2014-10-24T11:52:47.772Z"}}, {"pk": 9, "model": "alm_crm.comment", "fields": {"comment": "ahhaha it is Sattar Stamkulov and Daniyar Musakulov ", "object_id": 1, "content_type": 36, "owner": 0, "date_created": "2014-10-24T11:53:00.201Z", "subscription_id": 1, "date_edited": "2014-10-24T11:53:01.264Z"}}, {"pk": 10, "model": "alm_crm.comment", "fields": {"comment": "Hey Daniyar Musakulov, it is first contact on the db", "object_id": 14, "content_type": 36, "owner": 0, "date_created": "2014-10-24T11:53:51.245Z", "subscription_id": 1, "date_edited": "2014-10-24T11:53:51.851Z"}}, {"pk": 11, "model": "alm_crm.comment", "fields": {"comment": "\r\n          Ohoh Sattar Stamkulov where is Daniyar Musakulov \r\n        ", "object_id": 29, "content_type": 31, "owner": 0, "date_created": "2014-10-24T11:54:33.827Z", "subscription_id": 1, "date_edited": "2014-10-24T11:58:44.427Z"}}, {"pk": 12, "model": "alm_crm.comment", "fields": {"comment": "Hello ", "object_id": 2, "content_type": 36, "owner": 0, "date_created": "2014-10-27T06:44:09.294Z", "subscription_id": 1, "date_edited": "2014-10-27T06:44:09.465Z"}}, {"pk": 13, "model": "alm_crm.comment", "fields": {"comment": "Hello", "object_id": 29, "content_type": 31, "owner": 0, "date_created": "2014-10-27T06:44:31.491Z", "subscription_id": 1, "date_edited": "2014-10-27T06:44:31.601Z"}}, {"pk": 14, "model": "alm_crm.comment", "fields": {"comment": "hhaha", "object_id": 29, "content_type": 31, "owner": 0, "date_created": "2014-10-27T06:52:06.597Z", "subscription_id": 1, "date_edited": "2014-10-27T06:52:06.764Z"}}, {"pk": 15, "model": "alm_crm.comment", "fields": {"comment": "ohoh", "object_id": 1, "content_type": 36, "owner": 0, "date_created": "2014-10-27T06:52:17.445Z", "subscription_id": 1, "date_edited": "2014-10-27T06:52:17.587Z"}}, {"pk": 16, "model": "alm_crm.comment", "fields": {"comment": "hello rt", "object_id": 1, "content_type": 36, "owner": 0, "date_created": "2014-10-27T06:56:39.325Z", "subscription_id": 1, "date_edited": "2014-10-27T06:56:39.507Z"}}, {"pk": 1, "model": "alm_crm.share", "fields": {"date_created": "2014-10-15T09:39:08.219Z", "subscription_id": null, "contact": 1, "share_from": 2, "share_to": 2}}, {"pk": 2, "model": "alm_crm.share", "fields": {"date_created": "2014-10-15T11:32:54.969Z", "subscription_id": null, "contact": 2, "share_from": 2, "share_to": 2}}, {"pk": 3, "model": "alm_crm.share", "fields": {"date_created": "2014-10-15T12:02:12.188Z", "subscription_id": null, "contact": 2, "share_from": 2, "share_to": 2}}, {"pk": 4, "model": "alm_crm.share", "fields": {"date_created": "2014-10-15T12:02:39.442Z", "subscription_id": null, "contact": 2, "share_from": 2, "share_to": 2}}, {"pk": 5, "model": "alm_crm.share", "fields": {"date_created": "2014-10-15T12:03:33.606Z", "subscription_id": null, "contact": 2, "share_from": 2, "share_to": 2}}, {"pk": 6, "model": "alm_crm.share", "fields": {"date_created": "2014-10-15T12:04:16.313Z", "subscription_id": null, "contact": 2, "share_from": 2, "share_to": 2}}, {"pk": 7, "model": "alm_crm.share", "fields": {"date_created": "2014-10-15T12:09:30.696Z", "subscription_id": null, "contact": 2, "share_from": 2, "share_to": 2}}, {"pk": 8, "model": "alm_crm.share", "fields": {"date_created": "2014-10-15T13:31:18.411Z", "subscription_id": null, "contact": 2, "share_from": 2, "share_to": 2}}, {"pk": 9, "model": "alm_crm.share", "fields": {"date_created": "2014-10-15T13:39:53.712Z", "subscription_id": null, "contact": 2, "share_from": 2, "share_to": 2}}, {"pk": 10, "model": "alm_crm.share", "fields": {"date_created": "2014-10-15T17:33:55.007Z", "subscription_id": null, "contact": 2, "share_from": 2, "share_to": 2}}, {"pk": 11, "model": "alm_crm.share", "fields": {"date_created": "2014-10-15T17:51:21.198Z", "subscription_id": null, "contact": 2, "share_from": 2, "share_to": 2}}, {"pk": 12, "model": "alm_crm.share", "fields": {"date_created": "2014-10-15T18:25:54.897Z", "subscription_id": null, "contact": 2, "share_from": 2, "share_to": 2}}, {"pk": 13, "model": "alm_crm.share", "fields": {"date_created": "2014-10-18T09:36:01.689Z", "subscription_id": null, "contact": 2, "share_from": 2, "share_to": 2}}, {"pk": 14, "model": "alm_crm.share", "fields": {"date_created": "2014-10-19T07:57:18.130Z", "subscription_id": null, "contact": 1, "share_from": 4, "share_to": 2}}, {"pk": 15, "model": "alm_crm.share", "fields": {"date_created": "2014-10-22T10:36:56.770Z", "subscription_id": null, "contact": 1, "share_from": 2, "share_to": 4}}, {"pk": 16, "model": "alm_crm.share", "fields": {"date_created": "2014-10-22T11:38:35.234Z", "subscription_id": null, "contact": 1, "share_from": 2, "share_to": 4}}, {"pk": 1, "model": "almanet.subscription", "fields": {"organization": 2, "is_active": true, "user": 1, "service": 1}}, {"pk": 2, "model": "almanet.subscription", "fields": {"organization": 2, "is_active": true, "user": 2, "service": 1}}]